id;code;first_name;last_name;email;phone_number
1;37454;Peyton;Wiegand;Moses_Satterfield@gmail.com;Dam
2;9997;Anderson;Koch;Estella70@hotmail.com;Movies Producer
3;83244;Trevion;Effertz;Cheyenne61@gmail.com;Home Loan Account
4;706;Holden;Bahringer;Judge.Moore@gmail.com;zero administration
5;36636;Darlene;Klocko;Ozella38@gmail.com;Planner Canyon
6;85994;Lenny;Parisian;Issac94@gmail.com;Planner cross-platform access
7;9767;Dariana;Paucek;Idella60@gmail.com;backing up Salad
8;39106;Destiney;Deckow;Nicolas_Hagenes@yahoo.com;Mayotte
9;18485;Alexandrea;Wisozk;Opal.Kirlin89@hotmail.com;Credit Card Account National Awesome
10;19598;Jovan;Bayer;Eric_Sporer@hotmail.com;South Georgia and the South Sandwich Islands
